Time (s),Sensor 1,Sensor 2,Sensor 3,Sensor 4,Sensor 5,Sensor 6,Sensor 7,Sensor 8,Proses
1,370,194,234,158,125,46,47,46,B
2,346,192,229,156,119,50,45,47,B
3,331,191,229,160,118,46,44,46,B
4,322,191,230,156,118,45,46,46,B
5,313,191,230,156,118,46,45,46,B
6,306,191,230,156,118,46,46,46,B
7,300,190,229,156,117,46,46,46,B
8,296,191,229,156,117,46,46,46,B
9,293,190,229,156,117,46,46,47,B
10,291,191,230,155,117,47,51,46,B
11,288,189,229,155,118,47,46,47,B
1,297,192,230,156,116,47,46,47,S
2,313,206,238,163,118,47,48,47,S
3,333,217,278,178,117,56,56,56,S
4,352,231,311,191,117,84,84,84,S
5,368,242,331,200,117,113,114,113,S
6,383,253,342,207,117,136,136,137,S
7,395,261,350,212,117,153,153,153,S
8,408,269,357,217,117,165,165,165,S
9,417,275,361,220,117,175,175,175,S
10,427,281,365,223,118,185,183,183,S
11,436,290,367,225,114,189,190,190,S
12,444,291,371,227,117,195,195,195,S
13,449,295,372,228,117,199,198,199,S
14,455,298,374,230,117,203,203,203,S
15,461,301,375,232,116,205,206,206,S
16,467,305,378,234,117,209,209,209,S
17,472,307,379,234,116,212,211,212,S
18,479,311,383,235,118,215,217,214,S
19,482,313,382,237,117,216,216,216,S
20,487,316,384,239,117,218,218,218,S
21,490,317,385,240,117,219,219,219,S
22,494,319,386,241,117,221,221,221,S
23,498,322,388,242,117,222,222,222,S
24,501,323,389,243,117,223,223,223,S
25,505,326,390,245,117,225,225,225,S
26,507,326,390,244,117,225,224,225,S
27,511,329,392,246,115,225,224,225,S
28,513,327,392,245,121,226,226,227,S
29,514,329,393,247,117,226,226,226,S
30,519,332,394,248,117,228,228,227,S
31,520,332,395,248,117,228,228,227,S
32,522,333,395,248,116,228,228,228,S
33,524,334,396,250,117,229,228,228,S
34,527,336,397,250,117,229,229,229,S
35,529,336,398,251,117,229,229,229,S
36,529,334,397,249,122,228,229,229,S
37,532,335,397,251,116,228,228,228,S
38,535,338,399,252,117,229,229,229,S
39,535,338,399,253,117,229,229,229,S
40,537,339,399,253,117,229,228,228,S
41,539,340,400,254,117,229,229,229,S
42,541,341,401,255,117,229,229,229,S
43,543,342,401,255,117,229,229,229,S
44,543,341,402,255,117,229,229,229,S
45,543,342,401,259,116,229,226,228,S
46,545,342,402,256,117,228,228,228,S
47,548,344,404,257,117,229,229,229,S
48,548,343,403,257,117,228,228,228,S
49,549,343,403,257,117,227,227,227,S
50,551,344,403,258,117,227,227,227,S
51,552,344,404,258,117,227,227,227,S
52,553,343,403,258,117,227,226,227,S
53,555,345,407,258,118,224,226,225,S
54,556,345,405,258,117,226,226,226,S
55,557,345,404,259,117,226,226,226,S
56,558,345,405,259,117,225,226,225,S
57,558,345,404,259,117,225,224,225,S
58,558,345,404,259,117,224,224,224,S
59,561,346,405,259,117,224,224,226,S
60,565,345,406,258,117,223,224,224,S
61,564,347,407,261,117,224,224,224,S
62,563,346,407,261,117,223,223,223,S
63,564,347,407,261,117,223,223,223,S
64,565,347,407,262,117,222,222,222,S
65,566,347,407,261,117,222,222,221,S
66,567,346,407,260,116,222,222,223,S
67,568,348,409,262,117,222,222,222,S
68,567,346,407,262,117,221,221,221,S
69,569,347,407,262,117,221,221,220,S
70,570,348,408,263,117,220,221,221,S
71,571,347,407,263,117,220,220,220,S
72,574,347,409,260,116,218,220,220,S
73,572,348,408,263,117,219,219,219,S
74,573,348,408,264,117,219,219,219,S
75,571,346,407,263,117,218,218,218,S
76,572,347,408,263,118,217,218,219,S
77,575,348,409,264,117,218,218,218,S
78,575,348,408,264,117,217,218,217,S
79,576,348,409,264,117,217,217,217,S
80,577,348,409,264,117,217,217,216,S
81,577,349,410,265,117,216,217,217,S
82,577,347,409,264,117,216,216,216,S
83,579,348,410,265,117,216,215,216,S
84,579,348,411,266,117,216,216,215,S
85,579,348,410,266,117,215,216,216,S
86,581,348,410,266,117,215,215,215,S
87,581,348,410,266,117,215,215,215,S
88,580,348,409,265,117,214,213,215,S
89,582,348,410,266,117,214,214,213,S
90,582,347,409,266,117,213,213,213,S
91,583,348,410,266,117,212,213,212,S
92,584,348,413,266,117,214,214,213,S
93,584,348,410,266,117,212,212,212,S
94,584,347,410,266,117,211,211,211,S
95,584,347,409,266,117,211,211,211,S
96,584,348,410,270,116,211,207,210,S
97,586,348,411,267,117,211,211,211,S
98,585,347,410,267,117,210,210,210,S
99,586,347,410,267,117,209,210,209,S
100,586,345,409,266,118,209,209,209,S
101,587,347,410,267,117,209,209,209,S
102,588,348,411,267,117,209,209,209,S
103,587,346,410,267,117,209,209,209,S
104,588,347,411,267,117,209,209,209,S
105,588,347,410,267,117,208,208,208,S
106,590,347,411,268,117,208,208,208,S
107,589,347,410,268,117,208,208,208,S
108,590,347,411,268,117,207,207,207,S
109,590,347,410,268,117,207,207,207,S
110,591,346,411,268,117,207,207,207,S
111,592,347,410,268,117,206,206,206,S
112,591,346,411,268,117,206,206,206,S
113,593,344,411,267,117,206,206,206,S
114,592,346,411,268,117,205,205,205,S
115,593,347,411,268,117,205,205,205,S
116,592,346,408,268,115,204,203,208,S
117,593,346,411,268,117,204,204,204,S
118,593,346,410,268,117,204,204,204,S
119,595,347,412,269,118,206,204,204,S
120,593,345,410,268,117,203,203,203,S
1,616,349,416,271,119,204,204,205,P
2,605,348,410,268,113,200,199,200,P
3,602,337,407,264,117,198,198,197,P
4,598,334,401,253,117,185,185,185,P
5,593,329,392,241,115,170,170,170,P
6,591,325,388,232,117,158,158,158,P
7,585,321,382,224,117,148,148,148,P
8,584,318,378,219,118,142,141,142,P
9,581,314,374,215,117,135,135,135,P
10,577,310,370,211,117,130,130,130,P
11,574,307,367,205,117,124,125,125,P
12,572,303,363,205,117,122,122,122,P
13,566,299,359,202,117,118,118,118,P
14,565,297,357,200,117,115,115,120,P
15,562,294,355,198,117,113,113,113,P
16,560,290,352,196,117,110,110,110,P
17,558,288,351,195,117,109,108,109,P
18,557,287,348,194,118,106,106,106,P
19,554,284,347,193,117,105,104,105,P
20,550,280,344,191,116,103,102,103,P
21,550,278,344,189,117,101,104,101,P
22,549,277,342,189,117,100,100,100,P
23,547,275,341,189,117,99,99,99,P
24,544,272,338,188,117,98,102,97,P
25,543,270,338,187,117,97,97,97,P
26,540,269,336,186,117,96,96,96,P
27,538,266,335,186,117,95,95,95,P
28,537,266,334,185,117,94,94,94,P
29,536,263,333,185,117,93,93,93,P
30,534,262,332,184,117,92,92,92,P
31,530,260,329,183,115,96,91,91,P
32,531,258,329,183,117,91,91,91,P
33,529,257,329,183,117,90,90,90,P
34,527,255,327,182,117,88,90,89,P
35,526,255,327,182,117,89,89,89,P
36,524,253,326,181,117,88,88,88,P
37,521,251,324,180,116,87,87,87,P
38,520,249,323,179,116,86,87,87,P
39,520,249,324,180,117,86,86,86,P
40,518,247,322,180,116,86,86,86,P
41,517,246,327,179,117,86,86,86,P
42,515,245,321,179,116,85,85,85,P
43,513,244,320,179,116,84,85,85,P
44,512,244,321,179,118,83,85,85,P
45,511,243,319,178,116,84,84,84,P
46,511,242,319,178,117,83,84,84,P
47,509,241,318,179,116,83,83,82,P
48,507,240,317,177,117,82,82,82,P
49,507,239,317,177,117,82,82,82,P
50,505,238,316,178,117,81,82,81,P
51,504,237,315,177,117,81,81,81,P
52,502,236,314,176,117,81,81,81,P
53,500,235,313,176,117,79,80,79,P
54,500,234,314,176,117,81,80,80,P
55,499,233,313,176,117,80,80,80,P
56,497,233,313,174,117,79,80,80,P
57,496,232,312,175,117,79,79,79,P
58,495,231,311,175,117,79,79,79,P
59,494,231,311,175,117,77,79,77,P
60,493,230,311,176,117,79,79,79,P
61,491,229,310,175,116,78,78,78,P
62,491,228,310,175,117,78,77,79,P
63,489,228,309,175,116,78,78,77,P
64,487,227,307,174,117,77,77,77,P
65,488,227,309,174,117,78,76,77,P
66,487,227,308,174,117,77,77,77,P
67,485,226,308,174,117,77,77,77,P
68,484,225,307,173,116,77,76,77,P
69,483,224,306,173,116,77,76,76,P
70,481,224,306,173,116,76,76,76,P
71,482,224,306,174,117,76,76,76,P
72,481,223,306,173,116,76,76,76,P
73,478,222,304,173,116,76,76,75,P
74,479,223,305,173,117,76,76,76,P
75,478,221,303,172,116,75,75,75,P
76,477,221,304,172,116,75,75,75,P
77,476,220,304,173,117,75,75,75,P
78,476,221,305,173,116,74,75,75,P
79,474,220,303,172,116,75,75,75,P
80,472,219,302,172,116,75,74,74,P
81,472,218,302,172,116,74,74,74,P
82,471,219,302,172,117,74,74,74,P
83,471,219,302,172,116,74,74,74,P
84,467,217,299,176,116,74,74,75,P
85,469,218,301,172,116,74,74,74,P
86,468,217,300,171,116,73,73,73,P
87,468,217,301,172,116,74,72,74,P
88,468,217,300,171,116,73,73,73,P
89,464,216,299,171,116,73,73,73,P
90,466,216,300,171,116,73,73,73,P
91,463,215,299,171,116,72,73,73,P
92,463,215,298,171,116,73,73,73,P
93,463,216,299,171,117,73,73,72,P
94,462,213,298,171,116,72,73,73,P
95,462,215,298,171,117,73,72,72,P
96,460,214,297,171,116,72,72,72,P
97,458,214,298,170,117,71,73,73,P
98,458,213,296,170,116,72,72,71,P
99,458,213,296,170,116,72,72,72,P
100,457,214,297,168,116,70,71,71,P
101,457,213,296,170,116,72,72,71,P
102,457,213,296,171,116,72,72,71,P
103,456,213,298,169,117,68,71,70,P
104,455,213,296,170,116,71,71,71,P
105,455,212,295,170,116,71,71,71,P
106,454,212,295,171,116,72,72,73,P
107,453,211,294,169,116,71,70,71,P
108,451,211,293,169,116,71,71,71,P
109,452,211,294,169,117,70,75,70,P
110,450,211,293,169,116,70,70,70,P
111,450,211,294,169,116,70,70,70,P
112,449,211,293,169,116,70,70,70,P
113,450,209,293,170,116,70,70,70,P
114,448,210,293,169,116,70,70,70,P
115,448,210,293,169,116,70,70,70,P
116,446,210,291,169,116,70,70,70,P
117,446,209,292,169,116,69,69,70,P
118,445,209,291,169,116,70,70,70,P
119,445,210,292,170,117,68,70,68,P
120,445,209,292,169,116,69,69,69,P
121,443,209,291,169,116,69,69,69,P
122,443,209,291,167,116,67,69,68,P
123,443,208,291,169,117,70,69,69,P
124,442,209,291,169,116,69,69,69,P
125,442,208,291,169,117,69,68,69,P
126,442,208,290,169,117,69,69,69,P
127,440,208,290,168,116,69,69,69,P
128,440,208,290,168,117,69,69,69,P
129,442,208,290,165,115,67,68,68,P
130,439,207,289,168,116,69,69,68,P
131,440,208,290,168,116,69,69,69,P
132,437,207,289,166,117,67,69,68,P
133,438,207,289,167,116,68,68,68,P
134,438,208,289,167,117,68,68,68,P
135,437,207,289,167,117,68,68,68,P
136,437,207,289,168,116,68,68,68,P
137,437,207,288,168,117,68,68,68,P
138,436,207,288,167,116,68,68,68,P
139,436,205,288,167,116,68,68,68,P
140,435,207,288,168,117,68,68,68,P
141,434,207,287,167,116,67,68,68,P
142,434,206,288,167,117,68,67,68,P
143,433,206,287,167,116,68,68,68,P
144,433,206,287,167,117,68,67,68,P
145,433,205,287,166,117,68,66,68,P
146,433,206,287,168,116,67,67,68,P
147,431,206,287,167,116,67,67,67,P
148,431,206,286,168,117,66,68,66,P
149,431,206,286,168,117,67,67,67,P
150,430,205,286,167,117,67,67,67,P
151,430,206,286,167,116,67,66,67,P
152,429,205,286,167,116,67,67,67,P
153,429,206,286,167,116,67,67,67,P
154,429,205,286,167,116,67,67,67,P
155,427,205,285,167,116,67,67,67,P
156,427,205,285,167,116,66,66,66,P
157,427,205,284,167,116,66,67,67,P
158,427,205,284,168,117,66,67,67,P
159,425,204,284,166,116,66,66,66,P
160,426,205,284,167,116,66,67,67,P
161,425,205,283,166,116,66,66,66,P
162,424,204,283,167,116,66,66,66,P
163,425,204,284,166,116,66,66,66,P
164,422,204,282,167,117,66,67,67,P
165,423,204,283,166,116,66,66,66,P
166,423,204,283,167,116,66,66,66,P
167,423,204,282,167,118,67,67,67,P
168,422,204,283,167,116,66,66,66,P
169,422,204,283,167,116,66,66,66,P
170,421,204,284,166,116,66,66,66,P
171,421,204,282,166,116,66,66,66,P
172,420,203,282,166,116,66,66,66,P
173,421,204,283,167,116,66,66,66,P
174,417,202,281,166,116,66,65,66,P
175,420,203,282,166,116,66,66,66,P
176,419,203,281,166,116,65,65,65,P
177,421,205,282,167,114,65,64,65,P
178,419,204,282,167,116,65,66,66,P
179,418,203,281,166,116,65,65,65,P
180,417,203,280,166,117,68,65,66,P
181,418,204,281,166,116,65,65,66,P
182,418,203,280,166,116,65,65,65,P
183,417,203,281,166,117,64,65,64,P
184,417,203,281,166,117,66,66,65,P
185,416,203,280,166,116,65,65,65,P
186,416,203,280,166,116,65,65,65,P
187,420,202,281,162,116,64,65,65,P
188,415,202,279,166,116,65,65,65,P
189,414,202,279,165,116,65,65,65,P
190,415,203,280,166,116,64,65,64,P
191,413,202,278,165,116,65,65,65,P
192,413,202,279,165,116,65,65,65,P
193,413,202,279,166,116,65,65,65,P
194,418,202,279,165,117,64,65,65,P
195,414,202,279,165,116,65,65,65,P
196,412,202,277,165,116,64,64,65,P
197,412,201,278,165,116,64,64,64,P
198,411,202,278,165,118,64,65,64,P
199,412,202,278,165,116,64,64,65,P
200,410,201,277,165,116,64,64,64,P
201,412,202,278,165,116,65,65,65,P
202,411,202,278,166,117,64,66,65,P
203,410,201,277,165,116,64,64,64,P
204,410,201,278,165,116,64,64,64,P
205,411,202,278,166,116,64,64,65,P
206,410,202,278,164,117,63,64,63,P
207,410,201,277,165,116,64,64,64,P
208,408,201,276,165,116,64,64,64,P
209,409,201,276,165,116,64,64,64,P
210,409,201,276,165,117,64,64,64,P
211,409,202,277,165,116,64,64,64,P
212,409,202,277,165,116,64,64,64,P
213,407,201,275,165,115,69,63,64,P
214,407,201,276,165,116,64,64,64,P
215,409,201,276,165,116,64,64,64,P
216,406,201,276,165,116,64,64,64,P
217,405,201,274,164,114,68,63,64,P
218,407,201,276,165,116,64,64,64,P
219,406,200,275,164,116,63,64,63,P
220,407,201,275,165,116,64,64,64,P
221,406,201,274,166,117,64,64,64,P
222,406,201,276,165,116,64,64,64,P
223,406,201,275,165,116,64,63,63,P
224,405,202,274,165,113,63,62,63,P
225,405,200,274,164,116,63,64,63,P
226,404,200,274,165,116,64,63,63,P
227,404,201,275,165,116,63,63,63,P
228,404,199,275,165,119,63,64,62,P
229,404,201,275,165,116,64,64,64,P
230,404,201,274,164,116,64,63,64,P
231,402,200,273,164,116,63,63,63,P
232,403,199,274,164,117,63,63,64,P
233,402,200,273,164,116,63,63,63,P
234,403,201,274,165,116,63,63,63,P
235,403,201,275,165,116,64,64,63,P
236,402,201,272,165,116,63,63,63,P
237,402,200,273,165,116,63,63,63,P
238,401,200,273,164,116,63,63,63,P
239,402,200,273,164,116,63,62,63,P
240,400,204,272,164,116,63,63,63,P
241,400,200,273,164,116,63,63,63,P
242,401,200,273,165,116,63,63,63,P
243,400,200,273,164,116,63,64,64,P
244,401,200,272,164,116,63,63,62,P
245,400,200,272,164,116,63,63,63,P
246,400,200,272,164,116,63,63,63,P
247,399,199,272,164,122,63,63,63,P
248,399,200,272,164,116,63,63,63,P
249,398,199,271,164,116,63,63,63,P
250,399,200,272,164,116,63,63,63,P
251,398,199,269,164,114,63,62,66,P
1,420,202,275,166,119,64,64,64,B
2,412,200,271,164,116,63,63,63,B
3,410,200,272,165,116,63,63,63,B
4,409,202,271,166,115,63,62,68,B
5,407,200,273,165,116,63,63,63,B
6,405,200,273,165,117,63,63,63,B
7,404,200,272,165,116,63,63,63,B
8,402,199,276,163,117,62,63,62,B
9,401,199,272,164,116,63,63,63,B
10,400,200,271,164,116,63,63,62,B
11,400,200,272,164,116,63,63,63,B
1,421,203,275,167,119,63,64,64,S
2,412,203,271,164,116,62,62,62,S
3,419,214,283,175,117,64,64,64,S
4,424,225,310,199,116,77,74,77,S
5,434,235,334,209,116,99,99,99,S
6,440,244,349,220,116,119,119,119,S
7,449,253,359,227,117,135,135,135,S
8,455,259,367,233,117,147,147,147,S
9,463,266,372,238,117,156,156,156,S
10,468,271,375,240,116,162,162,162,S
11,473,276,377,243,116,168,168,168,S
12,479,280,380,245,116,173,173,173,S
13,485,285,381,247,117,178,177,177,S
14,489,288,385,249,116,181,180,180,S
15,494,291,386,250,116,183,183,183,S
16,497,293,387,251,116,185,186,185,S
17,503,296,389,252,116,187,188,188,S
18,505,298,389,253,116,189,189,189,S
19,510,301,391,254,116,191,191,191,S
20,513,302,391,255,116,192,192,192,S
21,518,305,393,256,116,194,194,194,S
22,521,307,395,256,117,196,194,195,S
23,524,308,394,257,116,196,196,196,S
24,528,310,395,257,116,197,197,197,S
25,531,312,396,258,117,198,198,198,S
26,534,314,397,259,122,198,199,199,S
27,538,315,398,259,116,199,199,199,S
28,539,316,398,260,117,199,199,199,S
29,542,317,398,260,116,200,200,200,S
30,544,318,398,260,116,200,200,200,S
31,546,319,396,260,115,200,200,206,S
32,549,320,400,261,117,201,201,201,S
33,551,320,400,262,117,201,201,201,S
34,552,321,400,261,116,202,202,202,S
35,554,322,399,262,115,202,202,205,S
36,554,322,400,262,116,202,202,202,S
37,558,324,402,263,117,203,202,202,S
38,559,323,401,262,116,202,202,202,S
39,561,324,401,263,117,202,202,202,S
40,563,325,402,263,117,202,202,202,S
41,564,324,402,261,116,201,206,201,S
42,565,326,402,263,116,202,202,202,S
43,568,327,403,264,117,202,202,202,S
44,568,327,402,263,116,202,202,202,S
45,571,328,404,264,116,202,202,202,S
46,573,328,404,264,117,203,203,203,S
47,571,327,402,263,114,201,200,202,S
48,571,328,400,264,114,201,201,201,S
49,575,329,404,264,117,202,202,202,S
50,576,330,404,264,116,202,202,202,S
51,577,330,405,265,117,202,202,202,S
52,578,330,405,265,117,201,202,201,S
53,579,330,403,264,116,201,201,201,S
54,580,329,404,263,122,201,201,201,S
55,581,331,405,265,117,200,200,200,S
56,582,331,404,265,117,200,200,200,S
57,583,331,404,265,116,200,200,200,S
58,583,330,403,264,116,200,200,200,S
59,585,331,405,265,117,200,200,200,S
60,585,332,406,265,117,200,204,199,S
61,586,333,406,265,117,198,200,198,S
62,585,330,403,264,116,198,199,198,S
63,587,332,405,265,117,199,199,199,S
64,587,332,405,265,116,198,198,198,S
65,588,332,405,265,117,198,198,198,S
66,589,332,405,264,116,198,198,198,S
67,592,332,405,265,117,197,198,198,S
68,595,331,406,265,116,197,198,198,S
69,591,332,406,266,117,197,198,198,S
70,591,332,405,265,117,197,197,197,S
71,592,333,405,266,117,197,197,197,S
72,592,332,405,265,117,196,196,197,S
73,592,332,404,265,116,196,196,196,S
74,589,331,402,270,115,196,195,196,S
75,592,336,404,264,116,195,195,195,S
76,594,332,405,265,117,196,196,195,S
77,597,333,406,266,116,195,195,196,S
78,596,332,406,266,117,195,195,195,S
79,596,333,406,266,117,195,195,195,S
80,595,331,404,265,116,194,194,194,S
81,596,332,405,265,116,194,192,194,S
82,597,333,406,267,117,195,192,194,S
83,601,332,405,265,117,194,194,194,S
84,599,333,406,266,117,194,194,194,S
85,597,332,405,265,116,193,193,194,S
86,599,332,406,266,117,194,194,194,S
87,600,333,406,266,117,193,193,193,S
88,598,331,404,264,116,192,192,192,S
89,598,331,405,265,116,192,192,191,S
90,599,332,406,265,117,190,192,190,S
91,599,337,405,265,117,193,192,192,S
92,599,331,405,265,116,191,191,191,S
93,600,332,405,265,117,192,192,191,S
94,602,332,406,266,117,192,192,191,S
95,601,332,406,265,117,191,191,191,S
96,602,332,405,265,117,190,190,190,S
97,601,331,405,265,117,190,190,190,S
98,602,332,406,265,118,192,190,191,S
99,603,331,412,265,117,190,190,189,S
100,601,331,404,264,116,189,189,189,S
101,601,330,404,264,116,188,189,189,S
102,602,331,405,264,117,189,189,189,S
103,604,332,406,265,117,189,189,189,S
104,603,331,405,264,117,188,188,188,S
105,608,330,405,264,117,187,188,188,S
106,602,330,405,265,117,187,187,187,S
107,604,331,406,265,117,187,187,188,S
108,605,331,405,265,117,188,188,188,S
109,603,330,404,264,116,187,187,187,S
110,605,331,406,264,117,186,191,186,S
111,604,327,404,263,116,186,186,186,S
112,606,331,406,265,117,187,186,186,S
113,605,331,405,265,117,186,186,186,S
114,605,330,405,265,117,186,186,186,S
115,604,330,405,265,117,185,186,186,S
116,602,329,404,264,115,185,184,184,S
117,602,329,403,264,117,184,185,184,S
118,604,329,404,264,117,185,185,185,S
119,604,330,405,265,117,185,185,185,S
120,603,330,405,264,117,185,185,185,S
121,599,329,403,264,116,184,184,184,S
1,621,334,410,267,119,186,186,186,P
2,612,328,405,264,116,183,183,180,P
3,611,321,402,259,116,178,179,179,P
4,606,319,397,251,117,169,169,169,P
5,601,315,391,240,117,157,157,157,P
6,594,312,385,232,117,146,146,146,P
7,594,308,380,224,116,138,138,137,P
8,593,307,377,220,117,131,131,131,P
9,590,302,373,216,116,126,126,126,P
10,590,298,369,209,116,120,121,121,P
11,586,297,365,210,118,119,118,118,P
12,584,294,364,207,117,115,115,115,P
13,581,290,360,204,116,112,112,111,P
14,580,288,359,202,116,109,109,109,P
15,579,286,358,201,117,107,108,107,P
16,576,283,354,199,116,105,105,105,P
17,576,282,353,198,117,103,103,103,P
18,575,279,351,196,117,102,102,102,P
19,574,277,350,195,117,100,100,98,P
20,572,276,352,194,117,95,98,97,P
21,568,271,352,192,117,97,98,97,P
22,568,270,350,192,117,96,96,96,P
23,565,269,343,191,117,95,95,95,P
24,563,267,343,190,116,94,93,94,P
25,560,266,341,190,116,93,93,93,P
26,559,263,339,188,116,92,92,92,P
27,558,262,338,188,116,91,91,91,P
28,558,262,339,188,117,91,90,90,P
29,554,259,337,187,117,90,89,89,P
30,553,258,336,187,116,89,89,89,P
31,552,256,334,186,116,88,88,88,P
32,550,254,333,185,116,87,87,87,P
33,552,255,334,186,117,87,87,87,P
34,551,253,333,185,116,86,86,87,P
35,548,251,331,184,114,85,84,85,P
36,547,250,330,184,117,85,86,86,P
37,549,251,331,184,117,83,85,83,P
38,545,252,329,183,116,84,84,84,P
39,544,247,328,182,116,83,84,83,P
40,543,246,328,182,116,83,83,83,P
41,542,245,326,182,116,82,82,82,P
42,542,244,327,182,117,82,82,82,P
43,539,242,325,181,116,81,81,81,P
44,535,241,325,181,116,81,81,81,P
45,535,241,325,181,116,81,81,81,P
46,535,241,324,181,116,81,81,80,P
47,532,239,323,180,116,80,80,80,P
48,533,239,323,180,117,80,80,80,P
49,531,238,323,180,116,79,80,80,P
50,530,237,322,179,116,79,79,79,P
51,529,236,321,179,116,79,80,79,P
52,530,236,324,179,117,76,79,77,P
53,527,235,318,179,116,81,78,79,P
54,528,233,321,179,117,78,78,78,P
55,527,233,319,178,116,78,78,78,P
56,525,232,318,178,116,77,77,77,P
57,525,231,318,178,116,78,77,77,P
58,526,232,318,178,116,77,77,77,P
59,523,230,317,177,116,77,77,77,P
60,523,230,318,178,116,77,77,77,P
61,520,229,316,177,116,76,76,76,P
62,522,230,317,177,117,76,77,76,P
63,519,228,316,177,116,76,76,76,P
64,519,228,316,177,116,76,76,78,P
65,520,228,316,177,117,76,76,76,P
66,517,227,313,177,115,79,75,76,P
67,517,226,315,175,116,76,75,76,P
68,514,225,313,180,116,75,75,75,P
69,515,225,313,176,116,75,75,75,P
70,514,224,313,176,116,74,74,74,P
71,515,225,313,176,116,74,75,75,P
72,512,224,312,176,116,74,74,74,P
73,512,224,313,176,116,74,74,74,P
74,512,223,312,176,116,74,74,74,P
75,510,222,311,175,116,73,74,73,P
76,509,222,311,175,116,74,74,73,P
77,509,222,311,174,116,73,73,73,P
78,507,221,309,174,116,73,73,73,P
79,509,222,311,175,116,73,73,73,P
80,507,220,310,175,116,73,73,73,P
81,505,220,310,175,116,73,73,73,P
82,504,220,309,175,116,73,73,73,P
83,504,220,309,172,115,71,72,72,P
84,504,218,309,173,117,72,76,72,P
85,502,219,309,174,116,72,72,72,P
86,503,219,308,174,116,72,72,72,P
87,502,218,308,174,116,72,72,72,P
88,501,218,307,173,116,72,72,72,P
89,499,217,307,173,116,71,71,71,P
90,498,217,306,173,116,71,71,71,P
91,498,217,306,173,116,71,71,71,P
92,498,217,307,174,116,71,71,71,P
93,497,216,306,174,116,71,71,71,P
94,497,216,306,174,116,71,70,71,P
95,498,217,306,171,116,69,71,70,P
96,496,214,304,173,116,70,70,70,P
97,495,215,305,173,116,71,71,70,P
98,495,215,305,173,116,70,70,70,P
99,494,215,305,173,116,70,70,70,P
100,494,215,304,173,116,70,70,70,P
101,493,214,304,173,116,70,70,70,P
102,493,215,302,173,115,71,70,74,P
103,492,214,304,173,116,70,70,70,P
104,490,213,302,172,116,69,70,70,P
105,490,213,302,172,116,70,70,70,P
106,490,213,303,172,116,70,70,70,P
107,489,213,302,172,116,69,69,69,P
108,488,213,302,171,117,68,69,68,P
109,489,213,302,173,117,69,69,69,P
110,488,213,302,172,116,69,69,69,P
111,488,212,302,172,116,69,69,69,P
112,487,212,302,172,116,69,69,69,P
113,484,210,305,171,117,69,70,69,P
114,486,212,301,172,116,69,69,69,P
115,484,211,300,171,116,69,69,69,P
116,485,212,301,172,116,69,69,69,P
117,484,211,300,172,116,69,68,68,P
118,482,211,301,173,117,69,66,68,P
119,482,210,299,171,116,68,68,68,P
120,482,211,299,171,116,68,68,68,P
121,482,211,300,171,116,68,68,68,P
122,481,210,299,172,116,68,68,68,P
123,481,211,296,171,114,68,67,72,P
124,480,210,298,171,116,68,68,68,P
125,479,210,298,171,116,68,68,67,P
126,478,210,298,171,116,67,68,68,P
127,478,210,298,171,116,68,68,68,P
128,478,208,298,169,116,68,68,69,P
129,477,209,298,171,116,67,67,68,P
130,476,209,298,171,116,67,67,68,P
131,476,209,297,172,116,67,67,67,P
132,476,210,298,171,116,68,67,68,P
133,475,208,297,171,116,67,67,67,P
134,473,208,296,171,116,67,67,67,P
135,474,209,297,171,116,67,67,67,P
136,472,208,296,170,116,67,67,67,P
137,473,205,296,168,116,66,72,67,P
138,472,208,296,170,116,67,67,67,P
139,471,208,296,170,116,67,67,67,P
140,471,208,295,170,116,67,67,67,P
141,470,208,295,170,116,67,66,67,P
142,470,208,295,170,116,67,67,67,P
143,469,208,295,170,116,67,67,67,P
144,469,208,295,170,116,67,67,67,P
145,468,208,295,170,116,66,66,67,P
146,467,205,294,169,120,67,66,66,P
147,467,208,295,170,116,66,66,66,P
148,466,207,294,170,116,66,66,66,P
149,467,208,295,170,116,66,66,66,P
150,466,207,293,170,117,68,66,66,P
151,466,207,294,170,116,66,66,66,P
152,467,207,294,170,116,66,66,66,P
153,464,207,294,170,116,66,66,66,P
154,463,207,293,173,115,66,63,66,P
155,464,207,293,170,116,66,66,66,P
156,463,207,293,170,116,66,66,66,P
157,463,207,293,170,116,66,66,66,P
158,463,207,292,170,117,68,66,66,P
159,462,206,292,170,116,66,66,66,P
160,463,206,293,170,117,66,66,66,P
161,462,206,292,169,116,66,66,65,P
162,462,206,292,169,116,66,66,65,P
163,460,206,291,169,116,65,65,65,P
164,460,206,291,169,116,65,65,66,P
165,461,206,292,170,116,66,65,65,P
166,460,205,291,169,116,66,65,66,P
167,459,206,291,169,116,65,65,65,P
168,459,206,291,168,116,65,65,65,P
169,459,205,291,169,114,65,64,65,P
170,457,205,291,169,116,65,65,65,P
171,457,206,291,169,116,65,66,65,P
172,456,205,290,168,116,65,65,65,P
173,457,206,290,168,116,63,65,64,P
174,456,205,290,169,116,65,65,65,P
175,456,206,290,168,116,65,65,65,P
176,455,205,290,169,116,65,66,65,P
177,455,205,290,168,117,66,69,65,P
178,455,205,290,169,116,65,65,65,P
179,454,205,289,168,116,65,65,65,P
180,453,204,289,168,116,65,65,64,P
181,453,205,289,167,117,66,68,65,P
182,453,204,289,168,116,64,65,65,P
183,452,204,288,168,116,65,65,65,P
184,450,204,288,168,116,64,64,64,P
185,451,203,289,167,117,64,68,64,P
186,451,204,288,168,116,64,64,64,P
187,451,204,288,168,116,64,65,64,P
188,450,204,288,168,116,64,64,64,P
189,451,204,287,168,116,64,64,64,P
190,450,204,288,168,116,64,64,64,P
191,450,204,288,168,116,64,64,64,P
192,449,208,287,168,116,66,65,65,P
193,450,204,287,168,116,64,64,64,P
194,449,204,287,168,116,64,64,64,P
195,449,204,287,168,116,64,64,64,P
196,449,205,286,168,115,65,64,65,P
197,448,204,287,168,116,64,64,64,P
198,448,204,286,167,116,64,64,64,P
199,448,203,285,168,115,64,64,65,P
200,448,203,286,167,116,64,64,64,P
201,446,203,286,167,116,64,64,63,P
202,447,204,286,168,116,64,64,64,P
203,448,204,285,168,118,65,64,64,P
204,446,203,285,167,116,64,64,63,P
205,446,203,285,167,116,64,64,64,P
206,445,203,285,167,116,64,64,63,P
207,443,204,283,167,115,67,64,64,P
208,445,203,284,167,116,64,63,64,P
209,445,203,285,167,116,64,64,64,P
210,444,203,284,167,116,64,64,64,P
211,444,203,284,167,116,63,64,64,P
212,444,203,284,167,116,64,64,64,P
213,442,202,283,167,116,63,63,63,P
214,443,203,284,167,116,63,63,64,P
215,443,202,288,167,116,64,63,64,P
216,443,203,284,167,116,63,63,64,P
217,443,203,283,167,116,63,63,63,P
218,443,203,284,167,116,64,66,63,P
219,442,203,283,167,116,63,63,63,P
220,441,202,283,167,116,64,63,63,P
221,441,203,283,167,116,63,63,63,P
222,438,200,281,164,121,62,63,63,P
223,440,203,283,167,116,63,63,63,P
224,440,202,282,167,116,63,63,63,P
225,440,202,282,167,116,63,63,63,P
226,439,203,281,167,117,63,64,62,P
227,439,202,282,167,116,63,63,63,P
228,440,202,282,167,116,63,63,63,P
229,439,202,282,167,116,63,63,63,P
230,437,201,286,166,117,63,63,63,P
231,439,202,282,167,116,63,63,63,P
232,438,202,281,167,116,63,63,63,P
233,437,202,281,166,116,63,63,63,P
234,438,202,282,166,116,63,63,63,P
235,436,201,281,166,116,63,63,63,P
236,437,202,281,167,116,63,63,63,P
237,436,202,280,166,116,63,63,59,P
238,435,202,281,166,115,62,63,63,P
239,436,202,281,166,116,63,63,63,P
240,435,202,280,166,116,63,63,63,P
241,436,202,281,166,116,63,63,63,P
242,434,202,277,166,114,62,62,62,P
243,434,201,279,166,116,63,63,63,P
244,435,202,280,166,116,62,63,63,P
245,435,202,280,166,116,63,63,63,P
246,434,202,280,167,115,63,62,66,P
247,435,202,280,166,116,63,63,63,P
248,434,201,279,166,116,62,62,62,P
249,434,202,280,166,116,63,63,63,P
250,437,202,280,165,116,62,63,63,P
251,433,201,279,166,116,62,62,62,P
1,447,203,281,166,117,61,63,61,B
2,444,202,280,167,117,63,63,62,B
3,442,202,280,168,116,63,63,63,B
4,440,202,280,168,116,63,63,63,B
5,439,201,280,165,117,62,67,62,B
6,437,202,280,166,116,63,63,63,B
7,435,202,279,166,116,63,63,63,B
8,435,202,279,167,116,63,63,63,B
9,433,201,277,166,115,63,63,63,B
10,433,201,279,166,116,62,63,63,B
1,455,205,283,168,118,63,63,61,S
2,445,204,278,166,117,62,62,62,S
3,449,214,287,175,116,64,63,64,S
4,451,223,310,193,117,72,73,73,S
5,456,232,330,207,116,92,91,92,S
6,460,240,345,218,116,108,108,108,S
7,467,247,355,224,116,121,122,122,S
8,471,253,361,229,116,132,131,132,S
9,476,259,366,232,116,139,140,140,S
10,480,263,369,236,116,146,145,145,S
11,486,268,373,238,116,151,151,151,S
12,490,272,375,241,116,155,155,155,S
13,494,275,378,241,117,159,161,159,S
14,497,278,379,243,116,162,162,162,S
15,501,281,380,245,116,165,165,165,S
16,505,284,382,246,117,167,169,167,S
17,507,286,382,246,116,169,169,169,S
18,512,289,384,248,116,171,171,171,S
19,514,290,384,248,116,172,172,172,S
20,517,293,383,249,114,175,174,175,S
21,521,294,386,250,116,175,175,175,S
22,524,296,387,250,116,176,176,177,S
23,525,297,387,251,116,177,177,177,S
24,531,300,390,249,116,177,178,179,S
25,533,301,390,252,116,179,179,179,S
26,534,301,390,252,116,179,179,179,S
27,538,303,391,252,116,180,180,180,S
28,538,303,390,252,116,181,181,181,S
29,542,305,391,253,117,182,181,181,S
30,542,305,391,253,116,182,182,182,S
31,545,307,390,254,116,185,182,183,S
32,548,307,392,254,116,183,183,183,S
33,549,308,392,253,116,183,183,183,S
34,552,308,393,253,117,184,183,184,S
35,553,309,393,254,116,183,184,184,S
36,557,311,394,255,117,185,185,185,S
37,557,311,393,255,117,184,184,184,S
38,558,311,395,255,116,184,184,184,S
39,561,312,395,255,116,184,185,184,S
40,560,312,393,254,116,184,184,184,S
41,561,313,393,255,116,184,185,183,S
42,565,314,395,256,117,185,185,185,S
43,566,314,395,255,116,184,184,184,S
44,567,314,394,255,116,184,184,184,S
45,568,313,394,255,116,184,184,184,S
46,570,315,395,255,116,184,184,184,S
47,570,316,395,256,116,184,184,184,S
48,572,314,395,255,122,184,184,185,S
49,572,315,395,256,116,184,184,184,S
50,576,317,397,256,117,185,185,185,S
51,576,317,397,257,117,185,185,186,S
52,576,316,395,256,116,184,184,184,S
53,577,317,395,256,116,184,184,184,S
54,578,317,395,256,116,184,184,184,S
55,580,317,400,256,116,184,184,184,S
56,581,318,397,256,116,184,184,184,S
57,580,317,396,256,116,184,184,184,S
58,582,318,397,255,116,184,183,184,S
59,583,318,396,256,116,184,183,183,S
60,583,318,396,256,116,183,183,183,S
61,586,319,398,257,117,186,183,184,S
62,586,319,397,257,116,183,183,183,S
63,587,320,398,257,116,183,183,184,S
64,586,319,396,256,116,182,182,182,S
65,592,318,397,256,116,182,182,182,S
66,589,319,397,256,116,182,182,182,S
67,589,320,397,256,116,182,182,182,S
68,588,320,394,256,114,182,182,181,S
69,592,321,399,257,117,182,182,182,S
70,591,319,397,256,116,182,182,182,S
71,590,320,397,256,116,182,182,182,S
72,592,320,397,257,116,181,181,181,S
73,592,319,396,256,116,181,181,181,S
74,590,319,397,256,117,180,181,180,S
75,593,320,397,257,116,181,181,181,S
76,594,320,398,257,116,180,180,180,S
77,594,320,397,256,116,180,180,180,S
78,592,319,397,256,116,180,180,180,S
79,595,320,397,256,116,180,180,180,S
80,597,320,398,257,116,180,180,180,S
81,596,318,397,256,119,180,179,179,S
82,598,321,398,257,116,180,180,180,S
83,597,320,397,257,117,179,179,179,S
84,599,320,398,257,116,179,178,184,S
85,598,320,397,256,116,178,178,178,S
86,599,320,398,257,117,179,179,179,S
87,598,320,397,256,116,178,178,177,S
88,599,320,396,257,117,179,178,178,S
89,601,320,398,256,116,177,177,178,S
90,600,319,397,256,116,178,178,178,S
91,602,321,396,257,115,177,176,182,S
92,601,319,397,256,116,177,177,177,S
93,602,320,398,256,116,177,177,177,S
94,600,319,397,256,116,176,177,177,S
95,601,320,397,256,116,177,176,177,S
96,603,320,398,256,116,177,177,177,S
97,604,320,398,257,117,177,177,177,S
98,603,324,398,257,113,176,175,176,S
99,603,320,397,256,117,176,176,176,S
100,603,319,397,256,116,176,176,176,S
101,603,320,398,256,117,175,176,175,S
102,604,320,398,256,116,176,176,175,S
103,603,319,397,255,116,175,175,175,S
104,605,320,398,257,117,175,176,175,S
105,606,319,398,256,117,176,175,175,S
106,605,319,397,256,117,175,175,174,S
107,604,319,397,256,116,174,174,174,S
108,603,319,396,255,116,174,174,174,S
109,605,319,397,256,116,174,174,174,S
110,606,318,397,256,116,174,174,174,S
111,607,318,398,254,117,173,178,174,S
112,607,319,397,256,116,174,173,173,S
113,607,319,397,255,116,173,173,174,S
114,606,319,399,255,116,171,172,171,S
115,607,319,397,256,116,173,173,173,S
116,606,318,396,254,115,172,173,173,S
117,608,318,397,253,116,171,173,173,S
118,608,318,397,255,116,172,172,172,S
119,607,318,396,255,116,172,172,172,S
120,607,317,396,255,116,172,172,172,S
121,607,316,396,255,116,172,172,172,S
1,631,322,402,258,119,173,174,173,P
2,621,317,397,254,117,170,170,170,P
3,617,311,393,250,116,167,168,167,P
4,614,307,389,242,116,159,158,158,P
5,611,302,382,231,121,146,147,147,P
6,610,301,377,225,116,138,138,138,P
7,607,298,373,218,116,130,130,130,P
8,605,296,369,214,116,124,125,124,P
9,602,292,366,210,116,120,120,120,P
10,600,289,362,206,115,116,116,116,P
11,600,287,360,204,116,113,113,113,P
12,596,282,362,201,116,110,111,109,P
13,596,282,355,200,115,107,108,108,P
14,592,279,352,198,115,105,105,105,P
15,592,277,350,196,116,104,103,103,P
16,589,274,348,195,116,101,101,101,P
17,589,273,347,195,116,100,100,100,P
18,588,272,346,193,116,98,98,98,P
19,588,267,343,187,115,95,96,96,P
20,586,267,343,191,116,95,96,96,P
21,582,265,341,190,116,94,94,94,P
22,583,264,340,189,116,94,93,93,P
23,580,263,335,188,113,91,91,95,P
24,579,260,337,188,116,91,91,91,P
25,578,259,336,187,116,90,90,90,P
26,576,257,335,187,116,89,89,89,P
27,576,255,337,185,116,88,88,89,P
28,575,254,332,185,116,88,88,88,P
29,574,253,332,185,116,87,87,87,P
30,572,251,331,184,118,86,87,85,P
31,570,250,329,183,115,85,86,85,P
32,570,249,329,183,116,85,85,85,P
33,568,248,328,183,116,84,84,85,P
34,571,247,328,180,116,84,84,84,P
35,565,246,327,182,116,83,83,83,P
36,564,245,326,182,116,83,83,83,P
37,561,241,324,181,116,83,82,83,P
38,561,243,324,181,115,82,82,82,P
39,562,242,324,181,116,82,81,81,P
40,561,241,324,181,116,81,82,81,P
41,559,240,322,180,116,81,81,81,P
42,559,239,322,180,116,80,80,80,P
43,556,238,321,179,115,80,79,79,P
44,553,237,321,179,116,79,80,80,P
45,555,237,320,179,115,79,79,79,P
46,553,236,319,179,115,78,79,79,P
47,553,235,319,179,116,79,79,79,P
48,552,235,319,179,116,78,78,78,P
49,550,233,318,178,115,78,78,78,P
50,550,234,318,178,116,78,78,78,P
51,548,232,318,178,115,78,79,78,P
52,548,232,317,177,115,77,78,77,P
53,547,231,316,177,115,77,77,77,P
54,546,231,316,177,116,77,75,77,P
55,543,230,315,177,116,77,76,76,P
56,543,229,315,177,115,76,76,76,P
57,543,229,314,177,115,76,76,76,P
58,544,228,314,176,117,76,76,76,P
59,539,227,313,176,115,75,75,75,P
60,541,227,314,176,116,75,75,75,P
61,539,227,313,176,116,75,75,75,P
62,542,225,314,172,115,74,75,75,P
63,538,225,312,176,115,75,75,75,P
64,536,225,312,175,115,74,74,74,P
65,536,225,311,175,114,74,73,74,P
66,532,223,310,174,115,74,74,74,P
67,533,223,310,174,115,74,74,74,P
68,532,223,311,175,115,73,74,74,P
69,532,222,310,175,115,74,72,74,P
70,530,222,309,174,115,73,73,73,P
71,531,222,309,174,116,73,73,73,P
72,530,222,309,175,115,73,73,73,P
73,527,220,306,174,114,77,73,73,P
74,528,221,308,175,115,73,73,73,P
75,527,220,309,175,116,73,73,73,P
76,524,219,307,174,114,72,72,72,P
77,524,220,307,174,115,72,72,72,P
78,524,219,307,174,115,72,72,72,P
79,523,219,307,174,116,72,72,72,P
80,523,219,307,171,115,70,71,71,P
81,522,219,307,174,116,72,72,72,P
82,520,218,306,173,115,71,72,72,P
83,519,218,306,172,115,70,71,72,P
84,518,217,305,173,116,71,71,71,P
85,518,217,306,173,116,71,71,71,P
86,518,217,305,173,116,71,71,71,P
87,517,217,305,174,115,72,71,70,P
88,516,217,305,173,116,71,71,71,P
89,513,215,303,172,115,71,70,71,P
90,514,216,304,176,115,71,70,71,P
91,512,215,303,172,115,70,70,70,P
92,513,215,303,173,116,70,70,70,P
93,513,215,303,173,116,70,71,70,P
94,511,215,303,172,116,70,70,70,P
95,511,214,302,172,115,70,70,70,P
96,510,214,302,172,116,70,70,70,P
97,509,213,302,173,117,70,70,68,P
98,509,214,302,172,115,69,70,70,P
99,508,214,301,172,115,70,69,70,P
100,508,213,303,173,116,70,67,69,P
101,506,213,301,172,116,69,69,69,P
102,507,214,302,172,116,70,69,69,P
103,506,213,300,171,115,69,69,69,P
104,505,213,301,172,116,69,69,69,P
105,505,213,300,171,116,69,69,69,P
106,506,212,300,171,116,69,69,69,P
107,503,218,299,172,115,69,68,70,P
108,501,211,298,170,115,68,68,68,P
109,503,212,300,172,116,69,69,69,P
110,502,212,299,171,115,69,69,69,P
111,504,211,299,169,115,68,68,68,P
112,502,211,299,171,116,68,68,68,P
113,501,211,298,171,116,68,68,69,P
114,499,211,299,170,116,67,69,68,P
115,500,211,298,171,116,68,68,68,P
116,500,211,298,171,116,68,68,68,P
117,499,211,298,171,116,68,69,71,P
118,498,210,297,170,115,68,68,68,P
119,499,211,298,171,116,68,68,68,P
120,497,210,297,170,115,68,68,67,P
121,496,211,297,170,115,67,68,68,P
122,497,210,297,170,116,68,68,68,P
123,496,209,295,170,115,67,67,67,P
124,499,209,297,167,115,66,67,67,P
125,495,209,296,170,115,67,67,67,P
126,493,208,295,169,115,67,67,67,P
127,494,209,296,170,116,67,67,67,P
128,493,209,295,170,115,67,67,67,P
129,493,209,296,170,115,67,67,67,P
130,492,208,295,170,115,67,67,67,P
131,491,209,295,171,114,68,68,66,P
132,491,208,294,169,115,67,67,67,P
133,491,208,295,170,116,67,67,66,P
134,491,208,294,170,115,67,67,66,P
135,489,208,294,170,115,67,67,67,P
136,490,208,294,170,116,67,67,67,P
137,489,208,294,170,115,67,67,67,P
138,488,208,295,170,117,67,65,67,P
139,488,208,294,170,116,67,66,66,P
140,488,208,294,170,115,66,66,66,P
141,485,207,292,169,115,66,66,66,P
142,485,207,293,169,115,66,66,66,P
143,486,207,293,169,115,66,66,66,P
144,485,207,293,169,115,66,66,66,P
145,486,208,293,166,115,64,66,65,P
146,484,207,292,169,116,66,66,66,P
147,484,207,292,169,116,66,66,65,P
148,484,207,292,169,116,66,66,66,P
149,483,207,292,169,115,66,66,66,P
150,482,207,291,169,116,66,66,66,P
151,482,207,292,169,116,66,66,66,P
152,482,207,292,168,116,67,65,67,P
153,482,207,292,170,116,66,66,66,P
154,482,207,291,169,116,65,66,66,P
155,481,207,291,169,115,66,66,66,P
156,479,207,291,168,116,66,69,66,P
157,478,205,289,168,115,65,65,65,P
158,478,206,290,168,115,65,65,65,P
159,478,206,290,168,115,65,65,65,P
160,482,205,290,168,116,65,65,65,P
161,477,206,290,168,115,66,65,65,P
162,476,206,289,168,115,65,65,65,P
163,475,205,289,168,114,65,65,64,P
164,475,206,289,168,115,65,65,65,P
165,476,206,289,168,115,65,65,65,P
166,474,205,288,168,116,65,65,65,P
167,474,204,289,168,115,66,64,65,P
168,474,205,288,168,115,65,65,65,P
169,473,205,288,168,115,65,65,65,P
170,473,205,288,168,115,65,65,64,P
171,474,205,289,167,115,65,65,65,P
172,471,205,288,168,115,65,65,65,P
173,471,205,288,168,115,65,65,65,P
174,471,205,288,168,116,65,65,65,P
175,469,206,287,168,115,64,65,65,P
176,469,204,287,167,115,65,65,65,P
177,468,204,287,167,115,65,65,64,P
178,469,205,287,168,115,65,65,64,P
179,470,204,287,168,116,65,65,65,P
180,468,204,286,167,115,64,64,64,P
181,469,204,287,167,115,65,64,65,P
182,468,204,287,168,116,65,62,64,P
183,467,204,286,167,115,64,64,64,P
184,468,204,286,167,115,64,64,64,P
185,467,204,286,168,115,64,64,64,P
186,466,205,287,166,116,63,65,64,P
187,465,204,285,167,115,64,64,64,P
188,466,204,286,167,115,64,64,64,P
189,464,203,284,167,115,64,64,64,P
190,466,202,285,166,120,64,64,64,P
191,465,204,285,167,115,64,65,64,P
192,464,204,285,167,115,64,64,64,P
193,466,205,287,168,116,64,66,65,P
194,463,203,284,167,115,64,64,64,P
195,465,204,285,167,115,64,64,64,P
196,463,204,284,167,115,64,64,64,P
197,461,204,283,167,113,64,64,64,P
198,463,204,284,167,115,64,64,64,P
199,462,204,285,167,116,64,64,64,P
200,462,204,284,167,115,64,65,64,P
201,461,203,283,167,116,64,64,64,P
202,463,204,284,167,115,64,64,64,P
203,463,204,284,167,115,64,64,64,P
204,464,202,284,165,115,62,69,63,P
205,461,203,282,166,115,63,63,64,P
206,463,204,284,167,115,64,64,64,P
207,462,203,283,167,115,64,64,64,P
208,463,199,282,165,115,64,64,64,P
209,462,203,283,166,115,64,64,64,P
210,462,203,282,166,115,63,64,64,P
211,461,203,282,167,115,63,62,63,P
212,460,203,282,166,115,63,63,63,P
213,461,203,282,166,115,63,63,63,P
214,461,203,282,166,115,63,64,64,P
215,459,202,280,166,114,63,62,68,P
216,461,203,281,166,115,63,63,64,P
217,460,203,282,167,115,63,63,63,P
218,460,203,282,166,116,63,63,63,P
219,460,203,282,166,116,64,65,64,P
220,459,202,281,166,115,63,63,63,P
221,458,202,280,166,115,63,63,63,P
222,459,203,281,169,115,63,61,63,P
223,459,203,281,167,115,63,63,63,P
224,457,202,280,166,115,63,63,63,P
225,458,202,280,166,116,63,63,63,P
226,459,204,280,167,113,63,63,63,P
227,457,203,280,166,115,63,63,63,P
228,457,202,280,166,115,63,63,63,P
229,455,205,280,165,116,64,64,63,P
230,457,203,280,166,116,63,63,63,P
231,456,202,280,166,115,63,63,63,P
232,456,202,280,166,115,63,63,63,P
233,455,202,280,166,115,63,63,63,P
234,455,202,279,166,116,63,63,63,P
235,455,202,279,166,116,63,63,63,P
236,454,203,279,169,115,64,60,63,P
237,454,202,279,166,115,63,63,63,P
238,453,202,278,166,115,63,63,63,P
239,453,201,279,165,121,62,63,63,P
240,453,202,279,166,115,63,63,63,P
241,453,202,279,166,115,63,63,63,P
242,453,202,278,166,115,63,63,63,P
243,457,201,279,162,115,61,63,63,P
244,452,202,279,165,115,63,63,62,P
245,453,202,278,166,115,62,62,62,P
246,453,202,278,166,115,63,62,63,P
247,452,201,277,166,115,62,63,62,P
248,453,202,278,166,115,63,63,63,P
249,452,202,278,166,115,62,63,63,P
250,452,203,277,166,111,62,61,62,P
251,451,201,277,165,115,62,62,63,P
1,463,202,272,165,114,62,62,63,B
2,462,202,278,166,115,63,63,63,B
3,460,202,279,167,116,63,63,63,B
4,457,202,278,167,115,63,63,61,B
5,457,199,277,165,115,62,63,62,B
6,455,202,278,166,115,63,62,62,B
7,454,202,278,166,116,63,63,63,B
8,452,201,276,165,115,62,62,62,B
9,452,201,277,167,115,62,62,62,B
10,451,201,276,165,115,62,62,62,B
1,473,204,279,168,117,61,63,62,S
2,463,203,276,165,116,62,62,62,S
3,464,213,284,174,116,63,63,63,S
4,467,221,305,190,115,71,71,71,S
5,471,229,325,205,115,88,84,86,S
6,473,236,338,212,115,102,102,102,S
7,477,243,346,218,115,113,113,113,S
8,481,248,353,223,115,123,123,123,S
9,484,253,357,226,115,130,130,130,S
10,489,256,362,229,116,136,136,136,S
11,492,262,364,231,116,141,141,141,S
12,496,266,367,233,116,145,145,145,S
13,499,269,368,234,115,148,148,148,S
14,505,271,370,235,116,151,151,151,S
15,504,274,371,236,115,153,153,153,S
16,507,276,372,237,116,156,156,156,S
17,512,279,374,239,116,158,158,158,S
18,517,280,374,240,117,160,160,160,S
19,517,283,376,240,116,161,161,161,S
20,521,286,378,241,116,163,163,163,S
21,522,286,377,241,115,164,164,164,S
22,525,287,383,241,116,165,166,166,S
23,526,289,379,242,115,166,166,166,S
24,528,290,380,242,116,167,167,167,S
25,531,292,380,242,116,168,168,168,S
26,532,292,380,242,115,166,168,167,S
27,535,293,380,243,115,169,169,169,S
28,538,296,382,244,116,170,170,170,S
29,538,296,382,244,115,170,170,170,S
30,539,297,383,245,116,171,171,171,S
31,539,296,388,244,116,172,173,172,S
32,539,298,383,245,116,171,171,171,S
33,540,299,383,245,115,172,172,172,S
34,543,300,383,245,115,172,172,172,S
35,545,301,384,245,116,174,173,173,S
36,547,300,383,245,115,172,172,172,S
37,550,302,384,245,115,173,173,173,S
38,551,302,384,246,116,173,173,173,S
39,553,303,384,245,116,173,172,174,S
40,552,303,384,246,115,172,173,173,S
41,556,304,385,246,115,173,173,173,S
42,557,305,386,246,116,173,173,173,S
43,558,304,385,246,116,173,173,173,S
44,558,306,384,247,116,175,173,174,S
45,560,304,385,246,116,173,173,173,S
46,562,305,385,246,116,173,173,174,S
47,564,306,386,247,116,173,173,173,S
48,565,306,386,247,115,173,173,173,S
49,570,307,386,247,117,174,174,174,S
50,566,306,385,246,115,173,173,173,S
51,567,307,385,246,115,173,173,173,S
52,570,308,387,247,115,173,174,173,S
53,569,308,387,247,117,172,173,172,S
54,572,308,388,248,116,174,174,174,S
55,572,309,388,248,115,173,174,173,S
56,574,308,387,248,116,173,173,174,S
57,573,308,386,247,115,173,173,173,S
58,575,309,388,248,117,174,174,171,S
59,575,310,389,248,116,173,173,173,S
60,576,309,388,248,116,173,173,173,S
61,576,309,388,247,116,173,173,173,S
62,577,309,387,247,115,172,173,173,S
63,576,309,387,247,116,172,172,172,S
64,575,309,386,247,115,175,171,172,S
65,579,308,387,248,116,173,171,172,S
66,580,310,388,248,116,172,172,172,S
67,581,310,388,248,116,172,172,172,S
68,580,310,388,248,116,172,172,172,S
69,581,311,389,248,116,172,172,173,S
70,580,310,388,248,116,172,172,172,S
71,586,309,388,247,116,171,172,171,S
72,581,310,388,248,116,171,171,171,S
73,582,310,388,248,115,171,171,171,S
74,581,309,387,247,115,171,171,171,S
75,584,310,388,247,115,171,171,171,S
76,584,311,388,248,120,171,171,171,S
77,584,311,389,247,116,171,172,171,S
78,584,310,388,247,115,170,170,170,S
79,586,310,387,247,116,170,170,170,S
80,586,310,387,247,115,170,170,170,S
81,587,310,388,248,116,170,170,170,S
82,588,309,388,246,115,170,170,171,S
83,588,310,388,247,115,169,170,169,S
84,592,311,389,248,116,170,170,170,S
85,591,310,388,248,116,169,169,169,S
86,593,311,389,248,116,169,169,169,S
87,592,310,388,248,115,169,169,169,S
88,592,311,388,250,116,169,168,169,S
89,593,310,388,247,115,168,169,168,S
90,593,310,388,247,116,169,169,169,S
91,592,309,387,247,116,168,169,168,S
92,593,310,387,247,115,171,167,168,S
93,594,311,389,247,116,168,168,168,S
94,596,311,389,248,116,168,168,168,S
95,597,310,388,247,116,168,168,168,S
96,597,311,389,248,116,168,168,168,S
97,595,310,388,247,116,167,168,168,S
98,598,311,389,248,116,168,168,168,S
99,596,310,388,247,116,167,167,167,S
100,596,310,388,247,116,167,166,167,S
101,596,311,389,245,116,166,167,167,S
102,596,309,388,247,115,166,167,167,S
103,595,309,387,246,116,166,166,166,S
104,597,310,388,247,116,167,167,166,S
105,596,309,386,247,116,166,167,165,S
106,597,310,388,247,116,166,166,166,S
107,597,309,388,246,115,166,166,165,S
108,598,310,388,247,116,166,165,165,S
109,595,312,386,247,115,165,164,165,S
110,597,309,388,246,116,165,165,165,S
111,597,309,388,247,116,165,165,165,S
112,599,309,388,246,116,164,164,165,S
113,600,308,392,245,116,164,165,165,S
114,602,310,388,247,116,165,165,164,S
115,602,309,388,246,116,164,164,164,S
116,602,309,388,246,116,164,164,163,S
117,603,309,387,246,116,163,164,164,S
118,601,308,387,246,116,163,163,163,S
119,602,308,387,246,116,163,163,163,S
120,600,307,386,245,115,162,162,162,S
121,600,307,386,245,115,162,162,162,S
1,623,311,391,248,118,164,164,164,P
2,617,307,388,246,117,162,162,162,P
3,613,302,385,242,115,159,159,159,P
4,609,299,379,235,116,151,151,151,P
5,607,296,374,226,116,141,141,141,P
6,606,293,369,218,115,132,132,132,P
7,604,290,365,213,116,126,126,126,P
8,603,288,360,209,117,122,121,121,P
9,600,284,357,205,116,116,116,116,P
10,599,282,354,202,116,113,113,112,P
11,596,279,352,200,116,109,109,110,P
12,594,276,348,198,116,107,108,106,P
13,591,274,346,196,115,104,104,104,P
14,589,272,345,194,116,103,102,102,P
15,589,270,342,193,116,100,101,101,P
16,588,268,340,191,115,102,98,99,P
17,586,266,338,190,114,97,97,97,P
18,587,264,337,190,116,96,96,96,P
19,585,262,336,189,116,94,94,94,P
20,584,261,335,188,116,94,93,93,P
21,583,259,333,187,116,94,92,92,P
22,581,256,332,186,116,91,91,91,P
23,580,256,331,186,116,90,90,90,P
24,577,254,330,185,116,89,89,89,P
25,575,253,328,184,115,88,88,88,P
26,576,252,330,184,116,85,88,87,P
27,578,251,327,184,116,87,87,87,P
28,575,250,326,183,116,87,87,86,P
29,571,248,324,182,115,85,85,85,P
30,571,247,324,182,116,85,85,85,P
31,570,246,323,180,116,83,84,83,P
32,569,244,321,181,115,83,83,83,P
33,571,243,321,181,116,83,83,83,P
34,570,243,321,180,116,83,83,83,P
35,569,242,320,181,116,82,82,82,P
36,568,240,318,180,116,82,83,81,P
37,569,239,318,179,116,81,81,81,P
38,568,238,318,179,116,81,81,81,P
39,567,238,318,179,116,81,81,80,P
40,567,237,316,179,116,81,80,80,P
41,566,237,316,179,116,78,79,78,P
42,565,236,315,178,115,79,79,79,P
43,565,235,315,178,115,79,79,79,P
44,564,234,314,178,116,79,79,79,P
45,563,238,313,177,115,79,78,79,P
46,562,232,313,177,116,78,78,78,P
47,561,232,312,177,116,78,78,78,P
48,561,231,312,177,115,78,78,78,P
49,559,230,311,176,116,77,77,78,P
50,558,230,309,177,115,77,77,77,P
51,557,230,311,176,115,77,77,77,P
52,555,229,310,176,115,76,76,76,P
53,556,229,311,176,116,77,77,77,P
54,555,227,310,175,116,77,77,76,P
55,553,226,309,176,116,76,76,76,P
56,554,227,309,176,116,76,76,76,P
57,555,227,310,176,116,76,76,76,P
58,551,225,308,175,116,75,75,72,P
59,551,226,307,175,115,75,75,75,P
60,550,224,307,175,115,75,75,75,P
61,549,224,307,175,116,75,75,74,P
62,549,224,307,175,116,74,74,75,P
63,549,224,308,176,116,72,74,73,P
64,546,222,305,174,115,74,74,74,P
65,545,222,305,174,116,74,74,74,P
66,544,221,304,174,116,73,73,73,P
67,545,222,305,174,116,73,74,73,P
68,544,220,305,172,116,72,78,73,P
69,543,221,304,174,115,73,73,73,P
70,543,220,304,174,116,73,73,73,P
71,541,220,304,174,115,73,73,73,P
72,541,219,303,174,115,73,73,73,P
73,540,224,302,174,112,73,71,73,P
74,539,219,302,174,116,72,72,72,P
75,539,219,303,174,116,72,72,72,P
76,537,218,301,173,115,72,72,72,P
77,537,218,301,173,115,72,72,72,P
78,536,222,301,174,115,73,71,72,P
79,536,217,301,173,116,72,72,72,P
80,535,217,300,172,115,71,72,71,P
81,534,216,301,173,115,71,71,71,P
82,531,216,300,173,115,71,71,71,P
83,531,216,299,172,115,71,71,75,P
84,531,215,300,172,116,71,70,72,P
85,530,216,299,172,115,71,71,71,P
86,528,215,299,172,115,70,70,70,P
87,528,215,299,172,116,71,70,71,P
88,526,214,298,172,115,70,70,71,P
89,527,215,299,172,115,71,71,71,P
90,524,220,297,172,115,70,70,70,P
91,525,214,298,172,116,70,70,70,P
92,524,214,298,172,116,70,71,70,P
93,524,213,297,171,115,70,70,70,P
94,525,213,297,171,115,70,70,70,P
95,524,213,297,172,121,69,70,70,P
96,524,213,297,173,115,70,69,70,P
97,525,213,296,172,115,69,70,70,P
98,524,212,296,171,115,69,69,69,P
99,523,213,296,172,116,69,70,70,P
100,523,212,296,171,115,69,69,69,P
101,521,212,295,176,114,70,69,70,P
102,521,212,295,172,116,69,69,69,P
103,521,212,295,171,115,69,69,69,P
104,519,211,294,171,115,69,69,69,P
105,520,211,295,171,115,69,69,69,P
106,518,211,294,171,115,69,69,69,P
107,517,210,293,170,115,68,68,68,P
108,519,211,294,172,116,69,69,67,P
109,519,209,294,171,119,69,68,68,P
110,516,210,293,170,115,68,68,68,P
111,517,210,293,171,115,68,68,68,P
112,514,210,293,170,116,68,69,68,P
113,514,210,294,171,115,68,68,69,P
114,514,210,293,171,116,68,68,68,P
115,514,209,292,170,116,68,68,68,P
116,514,210,292,171,115,67,68,68,P
117,512,207,291,168,115,67,73,68,P
118,514,208,293,170,116,68,68,68,P
119,513,209,292,170,115,67,68,68,P
120,512,209,292,170,116,68,68,68,P
121,511,209,292,170,115,68,68,67,P
122,511,209,292,170,116,68,68,67,P
123,510,209,292,170,115,67,67,67,P
124,510,209,291,170,117,67,68,67,P
125,509,207,291,169,121,67,68,67,P
126,509,208,291,170,115,67,67,67,P
127,510,209,291,170,116,67,67,67,P
128,508,208,290,169,115,67,67,67,P
129,508,208,289,169,115,67,66,67,P
130,508,208,290,170,116,67,67,67,P
131,508,208,290,170,115,67,67,67,P
132,507,208,289,169,116,66,67,67,P
133,508,207,289,169,115,67,67,67,P
134,508,207,289,169,115,66,67,67,P
135,506,207,288,169,115,67,67,67,P
136,507,207,289,169,116,67,66,66,P
137,507,207,288,169,115,66,67,67,P
138,506,205,288,167,115,65,71,65,P
139,506,207,289,170,115,66,66,66,P
140,504,207,287,169,115,66,66,66,P
141,504,207,288,169,115,66,66,66,P
142,502,206,287,169,115,66,66,66,P
143,502,206,287,169,116,68,66,67,P
144,502,206,287,169,116,66,66,66,P
145,502,206,287,169,115,66,66,66,P
146,501,206,286,169,115,66,66,66,P
147,501,206,287,169,115,66,66,66,P
148,501,208,286,169,115,66,65,66,P
149,500,205,286,169,115,66,66,66,P
150,501,206,286,169,115,66,66,66,P
151,500,206,286,169,115,66,65,66,P
152,501,206,286,169,115,66,66,66,P
153,500,206,286,168,115,66,66,66,P
154,501,206,286,168,116,65,70,65,P
155,499,203,285,167,116,66,65,66,P
156,498,206,286,169,116,65,66,65,P
157,497,205,285,168,116,65,65,65,P
158,498,206,285,169,116,65,65,65,P
159,497,205,285,168,115,65,65,65,P
160,496,205,285,168,115,65,65,65,P
161,497,205,285,168,115,65,65,65,P
162,496,205,285,169,116,65,65,64,P
163,496,206,281,169,113,65,65,65,P
164,494,204,282,168,114,69,65,65,P
165,495,205,284,168,115,65,65,65,P
166,493,204,283,168,115,65,65,65,P
167,493,205,284,168,115,65,65,65,P
168,494,204,283,168,115,65,65,65,P
169,493,204,283,168,115,65,64,65,P
170,493,205,283,168,115,65,65,65,P
171,492,204,283,169,116,65,65,65,P
172,491,204,283,168,115,65,65,65,P
173,489,204,282,168,115,64,65,65,P
174,489,204,283,168,116,64,65,64,P
175,489,204,282,168,115,64,65,65,P
176,487,204,282,167,115,64,64,64,P
177,488,204,282,168,115,64,64,64,P
178,488,204,282,168,116,65,65,65,P
179,488,204,282,168,115,64,64,64,P
180,486,204,281,167,115,64,64,64,P
181,486,204,281,168,115,64,64,64,P
182,487,204,281,167,116,64,68,64,P
183,485,204,281,171,115,65,61,64,P
184,486,202,281,167,116,64,64,64,P
185,485,203,280,167,115,64,64,64,P
186,487,204,281,167,115,64,64,64,P
187,487,204,281,167,115,64,64,64,P
188,485,203,280,167,115,64,64,64,P
189,485,203,280,167,115,64,64,64,P
190,486,204,281,167,115,64,64,64,P
191,484,203,280,167,115,64,64,63,P
192,485,204,281,168,115,64,64,65,P
193,482,203,278,167,114,65,64,64,P
194,482,204,278,168,115,66,64,64,P
195,483,203,280,167,116,64,64,64,P
196,482,203,280,167,115,64,64,64,P
197,482,203,279,167,115,63,64,64,P
198,482,203,279,167,115,64,64,64,P
199,482,204,280,168,116,64,64,63,P
200,481,203,279,167,115,64,63,63,P
201,481,203,279,167,115,63,64,64,P
202,480,203,279,167,115,63,64,64,P
203,481,203,279,167,115,63,63,64,P
204,480,203,278,167,114,63,63,64,P
205,480,203,278,168,115,64,64,62,P
206,484,203,279,167,117,64,64,64,P
207,481,203,278,168,115,64,63,66,P
208,480,203,278,168,114,64,63,66,P
209,480,200,277,165,115,62,68,63,P
210,477,202,276,172,115,64,62,63,P
211,478,201,283,166,115,63,64,64,P
212,477,202,278,168,115,64,64,64,P
213,479,202,281,166,116,60,62,62,P
214,478,202,278,165,115,63,63,64,P
215,477,206,277,167,112,63,62,63,P
216,482,201,277,166,116,63,64,64,P
217,477,200,277,164,115,62,68,62,P
218,478,203,276,167,117,65,63,64,P
219,477,203,276,168,114,64,63,67,P
220,477,201,277,165,115,62,68,63,P
221,477,205,276,167,112,63,62,63,P
222,477,201,277,167,118,62,64,60,P
223,476,202,277,166,116,63,62,63,P
224,475,201,281,166,115,63,64,63,P
225,475,203,274,167,115,66,63,63,P
226,475,202,277,166,116,64,64,63,P
227,473,202,275,171,115,63,63,63,P
228,479,202,275,167,116,63,63,62,P
229,476,204,276,167,113,63,62,63,P
230,475,199,276,165,115,63,63,63,P
231,474,202,276,165,116,63,62,62,P
232,473,199,275,164,115,63,62,63,P
233,473,202,276,165,116,61,63,62,P
234,471,202,272,166,114,68,62,63,P
235,476,201,276,166,115,61,63,63,P
236,471,202,275,169,115,63,60,62,P
237,471,200,280,165,116,63,64,63,P
238,471,201,275,165,116,62,66,62,P
239,471,207,274,166,115,63,62,63,P
240,471,202,273,167,114,63,63,61,P
241,470,201,274,166,116,62,63,63,P
242,469,200,273,166,115,63,62,63,P
243,473,202,273,166,114,63,62,67,P
244,470,201,272,166,115,62,63,61,P
245,470,201,277,165,115,63,63,64,P
246,469,201,272,164,115,63,61,63,P
247,471,201,273,166,116,63,60,62,P
248,469,201,273,170,115,62,62,63,P
249,471,202,273,167,117,62,62,59,P
250,474,201,274,166,117,63,63,63,P
251,470,202,272,165,114,63,63,62,P
1,491,204,277,168,118,63,63,63,B
2,482,201,272,166,116,62,62,62,B
3,480,202,273,167,116,62,62,62,B
4,478,202,274,167,115,62,62,62,B
5,477,202,274,167,116,62,63,63,B
6,474,202,273,166,115,62,62,63,B
7,473,201,273,166,116,62,62,63,B
8,472,202,273,166,115,62,62,62,B
9,471,201,273,166,116,62,62,62,B
10,471,202,273,166,116,62,63,62,B
11,469,201,272,166,116,62,62,62,B
1,491,204,276,168,118,63,63,63,S
2,481,204,272,166,116,62,62,62,S
3,481,212,279,174,116,63,63,63,S
4,482,219,299,189,115,70,70,70,S
5,484,227,318,201,115,84,84,84,S
6,488,235,332,210,115,98,98,98,S
7,491,240,340,215,116,109,109,109,S
8,493,246,346,219,116,117,117,117,S
9,496,250,350,222,115,124,124,124,S
10,498,253,353,224,115,129,129,129,S
11,502,258,356,226,115,133,134,134,S
12,505,261,358,227,115,138,138,138,S
13,509,264,360,229,116,141,140,141,S
14,511,266,361,230,115,144,143,143,S
15,513,269,363,231,116,146,146,146,S
16,518,272,365,233,116,148,148,148,S
17,519,273,365,232,115,150,150,150,S
18,522,276,367,234,116,151,151,151,S
19,524,278,368,235,117,153,153,153,S
20,531,282,372,237,117,156,156,156,S
21,533,283,373,238,117,157,157,157,S
22,534,284,372,237,117,157,158,158,S
23,536,285,373,238,117,159,159,159,S
24,539,287,374,239,117,163,160,160,S
25,541,288,375,239,122,160,161,160,S
26,544,290,376,240,115,160,159,160,S
27,544,291,376,240,118,161,163,162,S
28,546,291,376,240,118,162,162,162,S
29,548,292,376,240,117,163,163,162,S
30,549,292,376,240,117,163,163,163,S
31,552,293,377,240,117,164,164,164,S
32,554,294,378,241,118,164,164,164,S
33,555,295,378,241,117,164,164,165,S
34,556,295,377,241,117,165,165,165,S
35,559,296,379,242,117,165,165,165,S
36,560,297,378,242,117,165,165,165,S
37,562,298,379,242,117,166,166,166,S
38,563,298,379,242,117,166,166,166,S
39,564,299,380,242,117,166,166,166,S
40,564,304,379,243,117,167,166,167,S
41,565,299,378,242,116,170,166,166,S
42,570,300,380,242,117,166,166,166,S
43,569,300,380,242,117,167,167,167,S
44,571,301,381,243,117,167,167,167,S
45,571,301,380,243,117,166,166,166,S
46,574,301,380,242,117,166,167,166,S
47,575,302,381,243,117,167,167,167,S
48,575,300,380,241,122,166,167,167,S
49,576,302,381,243,117,167,167,167,S
50,578,303,381,243,117,167,167,167,S
51,577,303,381,243,117,167,167,167,S
52,577,303,381,243,117,167,167,166,S
53,580,301,381,241,117,166,171,167,S
54,579,303,381,242,117,167,167,167,S
55,580,304,382,243,117,166,166,167,S
56,581,304,382,243,117,167,167,167,S
57,583,304,381,243,118,167,168,166,S
58,584,305,382,244,117,167,167,167,S
59,583,304,382,243,117,167,167,167,S
60,585,305,382,243,117,167,167,167,S
61,586,303,382,242,117,166,167,167,S
62,585,305,382,243,117,166,166,166,S
63,587,305,382,244,118,166,166,166,S
64,588,305,382,243,117,166,166,166,S
65,588,305,381,244,116,166,165,170,S
66,589,305,382,243,117,166,166,166,S
67,590,305,382,243,117,165,166,166,S
68,591,305,382,243,117,166,166,166,S
69,591,305,381,244,116,165,164,170,S
70,592,305,383,243,117,165,166,166,S
71,593,305,382,243,117,166,166,166,S
72,592,305,382,243,117,165,165,165,S
73,599,306,383,244,119,166,166,166,S
74,595,306,383,243,118,165,165,165,S
75,596,306,383,244,117,165,165,165,S
76,596,305,382,244,117,165,165,165,S
77,598,306,383,245,117,165,165,165,S
78,598,306,383,244,117,164,164,164,S
79,597,305,383,243,117,164,164,164,S
80,597,310,382,243,118,165,164,164,S
81,598,305,381,243,117,163,163,163,S
82,600,306,383,243,117,163,164,164,S
83,600,306,383,243,118,163,163,163,S
84,600,307,382,243,118,163,163,163,S
85,598,305,383,243,118,163,163,163,S
86,600,305,382,243,117,163,163,163,S
87,601,305,383,243,118,164,162,164,S
88,601,306,382,243,117,163,163,163,S
89,604,306,382,243,117,162,162,162,S
90,605,306,383,243,118,163,163,163,S
91,606,307,384,244,117,162,162,162,S
92,605,305,382,243,117,162,162,162,S
93,604,306,383,243,117,162,162,162,S
94,604,305,382,248,117,162,159,162,S
95,605,305,382,243,117,162,162,162,S
96,605,306,384,243,118,162,161,161,S
97,605,305,382,243,118,161,161,161,S
98,603,303,386,242,117,161,161,161,S
99,606,306,383,243,118,161,161,161,S
100,605,305,383,243,117,161,161,161,S
101,605,310,382,243,113,160,159,160,S
102,605,305,382,242,117,160,160,160,S
103,605,305,382,242,117,160,160,160,S
104,606,305,383,243,117,160,160,161,S
105,606,305,382,242,117,160,160,160,S
106,606,305,383,242,117,160,160,160,S
107,607,305,382,243,117,160,160,160,S
108,605,304,382,243,116,160,159,160,S
109,607,305,383,242,117,160,160,160,S
110,607,304,382,242,117,160,159,159,S
111,607,303,383,243,118,160,159,160,S
112,608,305,382,242,117,159,159,159,S
113,607,303,382,241,115,159,159,159,S
114,608,303,381,241,116,159,159,159,S
115,610,303,382,241,116,159,159,159,S
116,611,303,381,241,116,158,158,158,S
117,611,303,382,241,116,158,158,158,S
118,611,304,380,241,115,158,158,157,S
119,611,304,382,241,116,158,158,158,S
120,611,303,381,241,116,158,158,158,S
121,611,301,381,239,121,157,158,158,S
1,633,307,386,243,118,159,159,159,P
2,624,301,380,239,115,155,156,156,P
3,620,297,378,237,116,154,154,154,P
4,619,294,373,229,116,147,147,147,P
5,617,291,368,221,116,137,137,137,P
6,616,289,363,215,116,129,129,129,P
7,613,286,360,207,115,121,122,121,P
8,611,283,355,205,115,118,118,118,P
9,609,280,352,202,116,114,114,114,P
10,607,278,349,198,116,110,110,111,P
11,606,276,346,198,116,108,108,108,P
12,604,273,344,196,116,105,105,105,P
13,602,270,341,193,116,103,103,103,P
14,601,267,340,192,116,101,100,101,P
15,599,267,337,191,116,99,99,99,P
16,598,264,335,190,115,97,97,97,P
17,596,264,333,189,115,97,97,96,P
18,596,261,332,188,115,95,95,95,P
19,593,259,330,187,116,93,93,93,P
20,593,258,329,187,115,91,92,91,P
21,592,256,328,186,116,92,91,92,P
22,590,255,327,185,116,90,90,90,P
23,589,253,325,185,116,90,89,89,P
24,590,252,325,184,116,88,88,88,P
25,588,250,323,183,116,88,88,88,P
26,588,249,322,183,116,87,87,87,P
27,586,248,321,182,116,86,86,86,P
28,585,247,320,182,116,85,86,86,P
29,583,245,319,181,115,85,85,85,P
30,586,245,320,181,116,84,84,84,P
31,585,244,319,181,116,84,84,84,P
32,583,243,317,181,116,83,83,83,P
33,582,240,321,179,116,82,83,82,P
34,582,240,316,180,116,82,82,82,P
35,581,240,316,180,116,82,82,82,P
36,578,238,313,179,116,82,82,81,P
37,577,238,314,179,116,81,80,81,P
38,576,237,313,179,116,80,80,80,P
39,577,236,313,179,116,80,83,80,P
40,576,233,311,178,116,79,79,79,P
41,575,234,311,178,115,79,79,79,P
42,577,234,311,178,116,79,79,79,P
43,575,233,310,178,116,78,79,80,P
44,574,232,309,177,116,79,78,78,P
45,572,231,309,177,116,78,78,78,P
46,571,231,309,178,116,78,75,77,P
47,570,230,308,177,116,77,78,77,P
48,568,230,308,177,116,77,77,77,P
49,567,229,307,176,116,77,76,77,P
50,568,229,307,177,116,76,76,77,P
51,567,228,306,177,116,76,76,76,P
52,566,227,306,176,116,76,76,76,P
53,565,225,305,176,116,76,76,76,P
54,563,227,305,176,116,76,76,76,P
55,568,226,304,175,116,75,75,75,P
56,565,225,303,181,115,75,75,75,P
57,566,225,304,176,116,75,75,75,P
58,565,224,303,175,115,75,75,75,P
59,564,225,301,174,114,74,73,79,P
60,560,224,303,175,116,74,75,74,P
61,557,223,301,174,116,74,74,74,P
62,555,223,304,175,116,72,74,73,P
63,558,223,302,175,116,74,74,74,P
64,556,222,302,175,116,73,74,74,P
65,555,221,301,174,116,73,73,73,P
66,553,221,301,174,116,73,73,73,P
67,550,221,300,174,116,73,73,73,P
68,544,220,300,174,116,73,73,73,P
69,540,219,299,174,116,73,73,73,P
70,540,219,299,174,116,73,73,73,P
71,540,219,299,174,116,73,73,73,P
72,540,219,299,173,116,72,72,73,P
73,542,218,298,174,116,72,72,72,P
74,543,218,297,173,115,72,72,71,P
75,542,218,297,173,116,72,72,72,P
76,542,217,297,173,116,72,72,72,P
77,541,217,298,172,116,73,74,72,P
78,541,217,297,173,116,71,71,71,P
79,541,217,297,173,116,71,71,71,P
80,541,216,297,173,116,71,71,71,P
81,539,216,295,173,116,71,71,71,P
82,540,216,296,173,116,71,71,71,P
83,540,216,296,173,116,71,71,71,P
84,538,215,295,172,116,70,70,71,P
85,538,215,295,172,116,71,71,71,P
86,538,216,296,172,116,70,70,70,P
87,536,214,294,172,116,70,70,70,P
88,538,215,294,172,116,70,70,70,P
89,538,211,294,170,116,70,70,70,P
90,531,214,293,172,115,70,70,70,P
91,530,213,292,171,115,70,70,69,P
92,532,214,291,173,114,70,69,74,P
93,529,213,292,172,116,70,69,69,P
94,530,213,293,172,116,70,70,70,P
95,526,219,292,172,116,70,69,69,P
96,525,213,292,171,116,69,69,69,P
97,524,213,292,171,116,69,69,69,P
98,526,213,292,171,115,69,69,69,P
99,523,212,291,171,115,69,69,69,P
100,524,212,291,172,116,72,68,70,P
101,525,212,292,171,116,69,69,69,P
102,521,211,291,171,116,69,69,69,P
103,523,210,290,171,116,69,68,69,P
104,523,212,291,172,116,68,69,68,P
105,522,212,291,171,116,69,69,68,P
106,524,211,289,171,116,69,68,68,P
107,523,211,290,171,116,68,68,68,P
108,520,211,290,171,116,68,68,73,P
109,520,211,290,171,116,68,68,68,P
110,522,211,289,171,116,68,69,68,P
111,516,208,289,169,116,68,68,69,P
112,527,210,288,171,116,68,68,68,P
113,529,210,289,171,116,68,68,68,P
114,531,212,287,171,114,68,67,73,P
115,529,210,288,171,116,67,68,67,P
116,529,210,288,171,116,67,68,67,P
117,530,209,288,170,116,67,68,68,P
118,531,211,288,171,116,68,67,67,P
119,530,210,288,170,116,67,67,67,P
120,531,210,288,171,116,67,67,67,P
121,530,209,287,171,116,67,67,67,P
122,530,210,286,171,115,68,68,67,P
123,530,210,287,170,116,67,67,67,P
124,529,209,286,170,116,67,67,67,P
125,529,208,287,168,116,65,72,66,P
126,529,209,287,170,116,67,67,67,P
127,529,209,287,170,116,67,67,67,P
128,529,205,285,169,116,67,67,67,P
129,528,209,286,170,116,66,66,66,P
130,527,208,285,170,116,67,66,67,P
131,526,208,285,170,116,66,66,66,P
132,526,208,285,170,116,66,66,66,P
133,526,208,285,170,116,66,67,66,P
134,525,208,285,170,116,66,66,66,P
135,525,208,285,170,116,66,66,66,P
136,525,208,285,170,117,63,65,64,P
137,524,208,284,170,116,66,66,66,P
138,523,207,284,169,116,66,66,66,P
139,523,205,283,168,115,65,68,66,P
140,522,207,283,169,116,66,66,66,P
141,523,208,284,169,116,66,66,66,P
142,520,208,283,170,114,66,66,65,P
143,521,207,283,169,116,66,66,66,P
144,520,208,283,169,116,66,66,66,P
145,520,207,283,169,116,66,66,66,P
146,518,207,282,169,116,66,66,66,P
147,519,207,283,169,116,65,65,65,P
148,518,207,282,169,116,65,65,66,P
149,517,207,282,169,116,66,66,65,P
150,517,207,282,168,117,66,65,66,P
151,517,207,283,169,116,65,66,66,P
152,516,207,282,169,116,65,65,65,P
153,516,205,282,167,116,64,70,65,P
154,513,206,282,169,116,65,65,65,P
155,513,207,282,169,116,65,65,65,P
156,513,206,284,169,116,64,65,65,P
157,512,206,282,169,116,65,65,65,P
158,512,206,281,169,116,65,65,65,P
159,512,207,281,169,116,65,65,65,P
160,513,206,280,168,116,65,65,65,P
161,513,206,281,169,116,65,65,65,P
162,513,206,281,169,116,65,65,65,P
163,513,206,281,169,116,65,65,64,P
164,513,206,280,169,116,65,65,65,P
165,513,206,280,169,116,65,65,65,P
166,512,206,280,169,116,65,65,65,P
167,512,206,280,169,116,65,65,65,P
168,511,206,279,168,116,65,65,65,P
169,512,206,279,168,116,65,65,65,P
170,511,206,279,169,116,64,64,64,P
171,510,206,279,169,116,64,64,64,P
172,510,206,279,168,116,65,65,65,P
173,509,205,278,167,116,64,62,64,P
174,510,205,279,168,116,64,64,64,P
175,509,205,279,168,116,65,64,64,P
176,508,205,279,167,116,63,69,63,P
177,508,205,279,168,116,64,64,64,P
178,508,205,278,168,116,64,64,64,P
179,509,207,277,169,116,67,64,65,P
180,508,205,278,168,116,64,64,64,P
181,507,205,278,168,116,64,64,64,P
182,506,205,277,172,115,65,64,64,P
183,506,205,278,168,116,64,64,64,P
184,506,205,278,168,116,64,64,64,P
185,505,204,276,168,115,65,64,63,P
186,505,205,277,168,116,64,64,64,P
187,507,205,278,168,116,64,64,64,P
188,505,204,276,169,117,63,65,63,P
189,504,204,277,168,116,64,64,64,P
190,505,205,277,168,116,64,64,64,P
191,504,201,277,167,116,64,64,65,P
192,503,205,277,168,116,64,63,63,P
193,503,204,276,168,116,64,64,63,P
194,503,202,276,167,117,64,63,64,P
195,502,204,276,168,116,63,64,64,P
196,502,205,277,168,116,64,64,64,P
197,501,201,276,166,116,64,62,64,P
198,501,204,276,168,116,63,63,63,P
199,501,204,276,168,116,64,64,64,P
200,501,202,275,166,122,63,64,63,P
201,498,203,274,167,116,63,63,63,P
202,500,204,275,168,116,63,63,64,P
203,499,205,275,168,115,64,64,64,P
204,499,204,275,167,116,63,63,63,P
205,499,205,275,168,116,63,63,63,P
206,499,202,275,166,115,62,68,63,P
207,497,203,274,167,116,63,63,63,P
208,498,204,275,168,116,63,63,63,P
209,497,202,279,166,116,64,63,63,P
210,496,204,274,167,116,63,63,63,P
211,497,204,274,167,116,63,63,63,P
212,499,204,274,165,116,63,63,63,P
213,496,204,274,167,116,63,63,63,P
214,494,203,273,167,116,63,63,63,P
215,495,203,273,167,115,63,63,63,P
216,495,204,274,167,116,63,63,63,P
217,495,204,273,167,116,63,63,63,P
218,494,204,273,167,116,63,63,63,P
219,493,203,273,167,116,63,63,63,P
220,493,203,273,167,116,63,63,63,P
221,493,203,273,167,116,63,63,63,P
222,492,203,272,167,116,63,63,63,P
223,491,203,273,167,116,63,63,63,P
224,493,203,273,167,116,63,63,63,P
225,492,203,272,167,116,63,63,63,P
226,491,203,272,167,116,63,63,63,P
227,490,202,276,167,116,63,63,64,P
228,490,203,272,167,116,62,63,63,P
229,491,203,272,167,116,63,63,63,P
230,491,204,272,168,113,62,61,63,P
231,490,203,272,167,116,62,63,62,P
232,490,203,272,167,116,63,63,63,P
233,489,204,272,167,116,63,63,62,P
234,488,203,272,167,116,63,62,62,P
235,488,203,271,167,116,62,63,63,P
236,487,203,271,167,116,62,63,63,P
237,487,203,271,167,115,63,63,63,P
238,488,203,271,167,116,63,62,63,P
239,488,203,271,167,116,63,62,62,P
240,487,203,272,166,117,63,64,62,P
241,486,203,270,167,116,62,62,62,P
242,486,203,271,167,116,62,63,62,P
243,486,202,271,168,115,63,61,62,P
244,484,202,270,167,116,62,62,62,P
245,485,203,270,167,116,62,62,62,P
246,485,201,270,166,121,62,63,62,P
247,484,203,270,167,116,62,62,62,P
248,485,203,270,167,116,62,62,62,P
249,484,203,270,167,114,63,61,62,P
250,484,203,270,167,116,62,62,62,P
251,484,203,270,167,116,62,62,62,P
